store_returns store_returns,date_dim date_dim,customer customer,store store#store_returns.sr_returned_date_sk=date_dim.d_date_sk,customer.c_customer_sk=ctr1.ctr_customer_sk,ctr2.ctr_store_sk=ctr1.ctr_store_sk,ctr1.ctr_store_sk=store.s_store_sk#date_dim.d_year,,=,,2000,,store.s_state,,=,,'TN'::bpchar#100
catalog_sales catalog_sales,web_sales web_sales,date_dim date_dim_2,date_dim date_dim_1,date_dim date_dim#catalog_sales.cs_sold_date_sk=date_dim_2.d_date_sk,wswscs.d_week_seq=date_dim.d_week_seq,((wswscs_1.d_week_seq-53))=date_dim.d_week_seq,wswscs_1.d_week_seq=date_dim_1.d_week_seq#date_dim_1.d_year,,=,,2002,,date_dim.d_year,,=,,2001#2513
date_dim dt,store_sales store_sales,item item#dt.d_date_sk=store_sales.ss_sold_date_sk,store_sales.ss_item_sk=item.i_item_sk#dt.d_moy,,=,,12,,item.i_manufact_id,,=,,436#38
store_sales store_sales,customer customer,date_dim date_dim,catalog_sales catalog_sales,customer customer_1,date_dim date_dim_1,web_sales web_sales,customer customer_2,date_dim date_dim_2#store_sales.ss_sold_date_sk=date_dim.d_date_sk,store_sales.ss_customer_sk=customer.c_customer_sk,catalog_sales.cs_sold_date_sk=date_dim_1.d_date_sk,catalog_sales.cs_bill_customer_sk=customer_1.c_customer_sk,web_sales.ws_sold_date_sk=date_dim_2.d_date_sk,web_sales.ws_bill_customer_sk=customer_2.c_customer_sk,t_s_secyear.customer_id=t_w_secyear.customer_id,t_s_secyear.customer_id=t_c_secyear.customer_id,t_s_firstyear.customer_id=t_s_secyear.customer_id,t_w_firstyear.customer_id=t_s_firstyear.customer_id,t_s_firstyear.customer_id=t_c_firstyear.customer_id#t_w_firstyear.year_total,,>,,'0'::numeric,,t_w_firstyear.sale_type,,=,,'w'::text,,t_w_firstyear.dyear,,=,,2001,,t_s_firstyear.year_total,,>,,'0'::numeric,,t_s_firstyear.sale_type,,=,,'s'::text,,t_s_firstyear.dyear,,=,,2001,,t_c_firstyear.year_total,,>,,'0'::numeric,,t_c_firstyear.sale_type,,=,,'c'::text,,t_c_firstyear.dyear,,=,,2001,,t_s_secyear.sale_type,,=,,'s'::text,,t_s_secyear.dyear,,=,,2002,,t_c_secyear.sale_type,,=,,'c'::text,,t_c_secyear.dyear,,=,,2002,,t_w_secyear.sale_type,,=,,'w'::text,,t_w_secyear.dyear,,=,,2002#8
store_sales store_sales,store_returns store_returns,date_dim date_dim,store store,catalog_sales catalog_sales,catalog_returns catalog_returns,date_dim date_dim_1,catalog_page catalog_page,web_returns web_returns,web_sales web_sales_1,web_sales web_sales,date_dim date_dim_2,web_site web_site#"store_sales.ss_store_sk=store.s_store_sk,store_sales.ss_sold_date_sk=date_dim.d_date_sk,catalog_sales.cs_catalog_page_sk=catalog_page.cp_catalog_page_sk,catalog_sales.cs_sold_date_sk=date_dim_1.d_date_sk,""*SELECT*2"".wsr_web_site_sk=web_site.web_site_sk,""*SELECT*2"".date_sk=date_dim_2.d_date_sk,(web_returns.wr_item_sk=web_sales_1.ws_item_sk)AND(web_returns.wr_order_number=web_sales_1.ws_order_number)"#date_dim.d_date,,>=,,'1998-08-04'::date,,date_dim.d_date,,<=,,'1998-08-18 00:00:00'::timestamp without time zone,,date_dim_1.d_date,,>=,,'1998-08-04'::date,,date_dim_1.d_date,,<=,,'1998-08-18 00:00:00'::timestamp without time zone,,date_dim_2.d_date,,>=,,'1998-08-04'::date,,date_dim_2.d_date,,<=,,'1998-08-18 00:00:00'::timestamp without time zone#100
date_dim date_dim,customer_address a,customer c,item i,item j,store_sales s,date_dim d#a.ca_address_sk=c.c_current_addr_sk,c.c_customer_sk=s.ss_customer_sk,i.i_item_sk=s.ss_item_sk,i.i_category=jj.i_category,s.ss_sold_date_sk=d.d_date_sk#date_dim.d_year,,=,,2000,,date_dim.d_moy,,=,,2,,i.i_current_price,,>,,jj.avg_price,,d.d_month_seq,,=,,$0#41
item item,customer_demographics customer_demographics,store_sales store_sales,date_dim date_dim,promotion promotion#item.i_item_sk=store_sales.ss_item_sk,store_sales.ss_promo_sk=promotion.p_promo_sk,customer_demographics.cd_demo_sk=store_sales.ss_cdemo_sk,store_sales.ss_sold_date_sk=date_dim.d_date_sk#customer_demographics.cd_gender,,=,,'F'::bpchar,,customer_demographics.cd_marital_status,,=,,'W'::bpchar,,customer_demographics.cd_education_status,,=,,'Primary'::bpchar,,date_dim.d_year,,=,,1998,,promotion.p_channel_email,,=,,'N'::bpchar,,promotion.p_channel_event,,=,,'N'::bpchar#100
store_sales store_sales,date_dim date_dim,customer customer,customer_address customer_address,customer_address customer_address_1,store store#store_sales.ss_store_sk=store.s_store_sk,store_sales.ss_sold_date_sk=date_dim.d_date_sk,substr(a2.ca_zip,1,2)=substr((store.s_zip)::text,1,2),customer.c_current_addr_sk=customer_address.ca_address_sk#date_dim.d_qoy,,=,,1,,date_dim.d_year,,=,,2002,,customer.c_preferred_cust_flag,,=,,'Y'::bpchar#0
reason reason,store_sales store_sales,store_sales store_sales_1,store_sales store_sales_2,store_sales store_sales_3,store_sales store_sales_4,store_sales store_sales_5,store_sales store_sales_6,store_sales store_sales_7,store_sales store_sales_8,store_sales store_sales_9,store_sales store_sales_10,store_sales store_sales_11,store_sales store_sales_12,store_sales store_sales_13,store_sales store_sales_14##reason.r_reason_sk,,=,,1,,store_sales.ss_quantity,,>=,,1,,store_sales.ss_quantity,,<=,,20,,store_sales_1.ss_quantity,,>=,,1,,store_sales_1.ss_quantity,,<=,,20,,store_sales_2.ss_quantity,,>=,,1,,store_sales_2.ss_quantity,,<=,,20,,store_sales_3.ss_quantity,,>=,,21,,store_sales_3.ss_quantity,,<=,,40,,store_sales_4.ss_quantity,,>=,,21,,store_sales_4.ss_quantity,,<=,,40,,store_sales_5.ss_quantity,,>=,,21,,store_sales_5.ss_quantity,,<=,,40,,store_sales_6.ss_quantity,,>=,,41,,store_sales_6.ss_quantity,,<=,,60,,store_sales_7.ss_quantity,,>=,,41,,store_sales_7.ss_quantity,,<=,,60,,store_sales_8.ss_quantity,,>=,,41,,store_sales_8.ss_quantity,,<=,,60,,store_sales_9.ss_quantity,,>=,,61,,store_sales_9.ss_quantity,,<=,,80,,store_sales_10.ss_quantity,,>=,,61,,store_sales_10.ss_quantity,,<=,,80,,store_sales_11.ss_quantity,,>=,,61,,store_sales_11.ss_quantity,,<=,,80,,store_sales_12.ss_quantity,,>=,,81,,store_sales_12.ss_quantity,,<=,,100,,store_sales_13.ss_quantity,,>=,,81,,store_sales_13.ss_quantity,,<=,,100,,store_sales_14.ss_quantity,,>=,,81,,store_sales_14.ss_quantity,,<=,,100#1
customer c,web_sales web_sales,date_dim date_dim_1,catalog_sales catalog_sales,date_dim date_dim_2,customer_address ca,store_sales store_sales,date_dim date_dim,customer_demographics customer_demographics#c.c_current_cdemo_sk=customer_demographics.cd_demo_sk,c.c_customer_sk=store_sales.ss_customer_sk,c.c_current_addr_sk=ca.ca_address_sk,web_sales.ws_sold_date_sk=date_dim_1.d_date_sk,catalog_sales.cs_sold_date_sk=date_dim_2.d_date_sk,store_sales.ss_sold_date_sk=date_dim.d_date_sk#date_dim_1.d_moy,,>=,,4,,date_dim_1.d_moy,,<=,,7,,date_dim_1.d_year,,=,,2002,,date_dim_2.d_moy,,>=,,4,,date_dim_2.d_moy,,<=,,7,,date_dim_2.d_year,,=,,2002,,date_dim.d_moy,,>=,,4,,date_dim.d_moy,,<=,,7,,date_dim.d_year,,=,,2002#2
store_sales store_sales,customer customer,date_dim date_dim,web_sales web_sales,customer customer_1,date_dim date_dim_1#store_sales.ss_sold_date_sk=date_dim.d_date_sk,store_sales.ss_customer_sk=customer.c_customer_sk,web_sales.ws_sold_date_sk=date_dim_1.d_date_sk,web_sales.ws_bill_customer_sk=customer_1.c_customer_sk,t_s_secyear.customer_id=t_w_secyear.customer_id,t_s_firstyear.customer_id=t_s_secyear.customer_id,t_s_firstyear.customer_id=t_w_firstyear.customer_id#t_s_firstyear.year_total,,>,,'0'::numeric,,t_s_firstyear.sale_type,,=,,'s'::text,,t_s_firstyear.dyear,,=,,2001,,t_w_firstyear.year_total,,>,,'0'::numeric,,t_w_firstyear.sale_type,,=,,'w'::text,,t_w_firstyear.dyear,,=,,2001,,t_s_secyear.sale_type,,=,,'s'::text,,t_s_secyear.dyear,,=,,2002,,t_w_secyear.sale_type,,=,,'w'::text,,t_w_secyear.dyear,,=,,2002#88
item item,web_sales web_sales,date_dim date_dim#item.i_item_sk=web_sales.ws_item_sk,web_sales.ws_sold_date_sk=date_dim.d_date_sk#date_dim.d_date,,>=,,'2001-01-12'::date,,date_dim.d_date,,<=,,'2001-02-11 00:00:00'::timestamp without time zone#100
customer_address customer_address,customer_demographics customer_demographics,store_sales store_sales,date_dim date_dim,household_demographics household_demographics,store store#customer_address.ca_address_sk=store_sales.ss_addr_sk,store_sales.ss_store_sk=store.s_store_sk,customer_demographics.cd_demo_sk=store_sales.ss_cdemo_sk,store_sales.ss_hdemo_sk=household_demographics.hd_demo_sk,store_sales.ss_sold_date_sk=date_dim.d_date_sk#customer_demographics.cd_marital_status,,=,,'D'::bpchar,,customer_demographics.cd_education_status,,=,,'2 yr Degree'::bpchar,,store_sales.ss_sales_price,,>=,,100.00,,store_sales.ss_sales_price,,<=,,150.00,,household_demographics.hd_dep_count,,=,,3,,customer_demographics.cd_marital_status,,=,,'S'::bpchar,,customer_demographics.cd_education_status,,=,,'Secondary'::bpchar,,store_sales.ss_sales_price,,>=,,50.00,,store_sales.ss_sales_price,,<=,,100.00,,household_demographics.hd_dep_count,,=,,1,,customer_demographics.cd_marital_status,,=,,'W'::bpchar,,customer_demographics.cd_education_status,,=,,'Advanced Degree'::bpchar,,store_sales.ss_sales_price,,>=,,150.00,,store_sales.ss_sales_price,,<=,,200.00,,household_demographics.hd_dep_count,,=,,1,,customer_demographics.cd_marital_status,,=,,'D'::bpchar,,customer_demographics.cd_education_status,,=,,'2 yr Degree'::bpchar,,customer_demographics.cd_marital_status,,=,,'S'::bpchar,,customer_demographics.cd_education_status,,=,,'Secondary'::bpchar,,customer_demographics.cd_marital_status,,=,,'W'::bpchar,,customer_demographics.cd_education_status,,=,,'Advanced Degree'::bpchar,,store_sales.ss_sales_price,,>=,,100.00,,store_sales.ss_sales_price,,<=,,150.00,,store_sales.ss_sales_price,,>=,,50.00,,store_sales.ss_sales_price,,<=,,100.00,,store_sales.ss_sales_price,,>=,,150.00,,store_sales.ss_sales_price,,<=,,200.00,,store_sales.ss_net_profit,,>=,,'100'::numeric,,store_sales.ss_net_profit,,<=,,'200'::numeric,,store_sales.ss_net_profit,,>=,,'150'::numeric,,store_sales.ss_net_profit,,<=,,'300'::numeric,,store_sales.ss_net_profit,,>=,,'50'::numeric,,store_sales.ss_net_profit,,<=,,'250'::numeric,,date_dim.d_year,,=,,2001,,household_demographics.hd_dep_count,,=,,3,,household_demographics.hd_dep_count,,=,,1,,household_demographics.hd_dep_count,,=,,1#1
item item_3,store_sales store_sales_1,date_dim d1,item iss,catalog_sales catalog_sales_1,date_dim d2,item ics,web_sales web_sales_1,date_dim d3,item iws,store_sales store_sales_2,date_dim date_dim_3,catalog_sales catalog_sales_2,date_dim date_dim_4,web_sales web_sales_2,date_dim date_dim_5,store_sales store_sales,date_dim date_dim,item item,catalog_sales catalog_sales,date_dim date_dim_1,item item_1,web_sales web_sales,date_dim date_dim_2,item item_2#(item_3.i_brand_id=tmp.brand_id)AND(item_3.i_class_id=tmp.class_id)AND(item_3.i_category_id=tmp.category_id),store_sales_1.ss_item_sk=iss.i_item_sk,store_sales_1.ss_sold_date_sk=d1.d_date_sk,catalog_sales_1.cs_item_sk=ics.i_item_sk,catalog_sales_1.cs_sold_date_sk=d2.d_date_sk,web_sales_1.ws_item_sk=iws.i_item_sk,web_sales_1.ws_sold_date_sk=d3.d_date_sk,store_sales_2.ss_sold_date_sk=date_dim_3.d_date_sk,catalog_sales_2.cs_sold_date_sk=date_dim_4.d_date_sk,web_sales_2.ws_sold_date_sk=date_dim_5.d_date_sk,store_sales.ss_item_sk=item.i_item_sk,store_sales.ss_sold_date_sk=date_dim.d_date_sk,item.i_item_sk=cross_items.ss_item_sk,catalog_sales.cs_item_sk=item_1.i_item_sk,catalog_sales.cs_sold_date_sk=date_dim_1.d_date_sk,item_1.i_item_sk=cross_items_1.ss_item_sk,web_sales.ws_item_sk=item_2.i_item_sk,web_sales.ws_sold_date_sk=date_dim_2.d_date_sk,item_2.i_item_sk=cross_items_2.ss_item_sk#d1.d_year,,>=,,1998,,d1.d_year,,<=,,2000,,d2.d_year,,>=,,1998,,d2.d_year,,<=,,2000,,d3.d_year,,>=,,1998,,d3.d_year,,<=,,2000,,date_dim_3.d_year,,>=,,1998,,date_dim_3.d_year,,<=,,2000,,date_dim_4.d_year,,>=,,1998,,date_dim_4.d_year,,<=,,2000,,date_dim_5.d_year,,>=,,1998,,date_dim_5.d_year,,<=,,2000,,date_dim.d_year,,=,,2000,,date_dim.d_moy,,=,,11,,date_dim_1.d_year,,=,,2000,,date_dim_1.d_moy,,=,,11,,date_dim_2.d_year,,=,,2000,,date_dim_2.d_moy,,=,,11#100
customer_address customer_address,customer customer,catalog_sales catalog_sales,date_dim date_dim#customer_address.ca_address_sk=customer.c_current_addr_sk,customer.c_customer_sk=catalog_sales.cs_bill_customer_sk,catalog_sales.cs_sold_date_sk=date_dim.d_date_sk#date_dim.d_qoy,,=,,2,,date_dim.d_year,,=,,2000#100
catalog_sales cs1,date_dim date_dim,catalog_returns cr1,call_center call_center,catalog_sales cs2,customer_address customer_address#cs1.cs_ship_addr_sk=customer_address.ca_address_sk,cs1.cs_order_number=cs2.cs_order_number,cs1.cs_call_center_sk=call_center.cc_call_center_sk,cs1.cs_order_number=cr1.cr_order_number,cs1.cs_ship_date_sk=date_dim.d_date_sk#cs1.cs_warehouse_sk,,<>,,cs2.cs_warehouse_sk,,date_dim.d_date,,>=,,'1999-02-01'::date,,date_dim.d_date,,<=,,'1999-04-02 00:00:00'::timestamp without time zone,,customer_address.ca_state,,=,,'IL'::bpchar#1
item item,store_sales store_sales,date_dim d1,catalog_sales catalog_sales,date_dim d3,store_returns store_returns,date_dim d2,store store#item.i_item_sk=store_sales.ss_item_sk,store_sales.ss_store_sk=store.s_store_sk,(store_sales.ss_item_sk=store_returns.sr_item_sk)AND(store_sales.ss_customer_sk=store_returns.sr_customer_sk)AND(store_sales.ss_ticket_number=store_returns.sr_ticket_number),store_sales.ss_sold_date_sk=d1.d_date_sk,(catalog_sales.cs_item_sk=store_returns.sr_item_sk)AND(catalog_sales.cs_bill_customer_sk=store_returns.sr_customer_sk),catalog_sales.cs_sold_date_sk=d3.d_date_sk,store_returns.sr_returned_date_sk=d2.d_date_sk#d1.d_quarter_name,,=,,'1998Q1'::bpchar#1
item item,customer_demographics cd2,customer_address customer_address,customer customer,customer_demographics cd1,catalog_sales catalog_sales,date_dim date_dim#item.i_item_sk=catalog_sales.cs_item_sk,cd2.cd_demo_sk=customer.c_current_cdemo_sk,customer_address.ca_address_sk=customer.c_current_addr_sk,customer.c_customer_sk=catalog_sales.cs_bill_customer_sk,cd1.cd_demo_sk=catalog_sales.cs_bill_cdemo_sk,catalog_sales.cs_sold_date_sk=date_dim.d_date_sk#cd1.cd_gender,,=,,'M'::bpchar,,cd1.cd_education_status,,=,,'College'::bpchar,,date_dim.d_year,,=,,2001#100
customer_address customer_address,customer customer,store_sales store_sales,date_dim date_dim,item item,store store#store_sales.ss_store_sk=store.s_store_sk,customer_address.ca_address_sk=customer.c_current_addr_sk,customer.c_customer_sk=store_sales.ss_customer_sk,store_sales.ss_item_sk=item.i_item_sk,store_sales.ss_sold_date_sk=date_dim.d_date_sk#date_dim.d_moy,,=,,11,,date_dim.d_year,,=,,1999,,item.i_manager_id,,=,,7#100
item item,catalog_sales catalog_sales,date_dim date_dim#item.i_item_sk=catalog_sales.cs_item_sk,catalog_sales.cs_sold_date_sk=date_dim.d_date_sk#date_dim.d_date,,>=,,'2001-01-12'::date,,date_dim.d_date,,<=,,'2001-02-11 00:00:00'::timestamp without time zone#100
inventory inventory,date_dim date_dim,item item,warehouse warehouse#inventory.inv_warehouse_sk=warehouse.w_warehouse_sk,inventory.inv_item_sk=item.i_item_sk,inventory.inv_date_sk=date_dim.d_date_sk#date_dim.d_date,,>=,,'1998-03-09 00:00:00'::timestamp without time zone,,date_dim.d_date,,<=,,'1998-05-08 00:00:00'::timestamp without time zone,,item.i_current_price,,>=,,0.99,,item.i_current_price,,<=,,1.49#100
inventory inventory,date_dim date_dim,item item#inventory.inv_item_sk=item.i_item_sk,inventory.inv_date_sk=date_dim.d_date_sk#date_dim.d_month_seq,,>=,,1212,,date_dim.d_month_seq,,<=,,1223#100
store_sales store_sales,date_dim date_dim_2,item item,store_sales store_sales_1,date_dim date_dim_3,customer customer,store_sales store_sales_2,customer customer_1,catalog_sales catalog_sales,date_dim date_dim,web_sales web_sales,date_dim date_dim_1#store_sales.ss_item_sk=item.i_item_sk,store_sales.ss_sold_date_sk=date_dim_2.d_date_sk,store_sales_1.ss_customer_sk=customer.c_customer_sk,store_sales_1.ss_sold_date_sk=date_dim_3.d_date_sk,store_sales_2.ss_customer_sk=customer_1.c_customer_sk,catalog_sales.cs_item_sk=frequent_ss_items.item_sk,catalog_sales.cs_bill_customer_sk=best_ss_customer.c_customer_sk,catalog_sales.cs_sold_date_sk=date_dim.d_date_sk,web_sales.ws_item_sk=frequent_ss_items_1.item_sk,web_sales.ws_bill_customer_sk=best_ss_customer_1.c_customer_sk,web_sales.ws_sold_date_sk=date_dim_1.d_date_sk#date_dim.d_year,,=,,1999,,date_dim.d_moy,,=,,1,,date_dim_1.d_year,,=,,1999,,date_dim_1.d_moy,,=,,1#1
item item,store_returns store_returns,store_sales store_sales,store store,customer customer,customer_address customer_address#item.i_item_sk=store_sales.ss_item_sk,(store_returns.sr_ticket_number=store_sales.ss_ticket_number)AND(store_returns.sr_item_sk=store_sales.ss_item_sk),(customer.c_current_addr_sk=customer_address.ca_address_sk)AND(store.s_zip=customer_address.ca_zip),store_sales.ss_customer_sk=customer.c_customer_sk,store_sales.ss_store_sk=store.s_store_sk#store.s_market_id,,=,,7,,ssales.i_color,,=,,'orchid'::bpchar#0
item item,store_sales store_sales,date_dim d1,catalog_sales catalog_sales,date_dim d3,store_returns store_returns,date_dim d2,store store#item.i_item_sk=store_sales.ss_item_sk,store_sales.ss_store_sk=store.s_store_sk,(store_sales.ss_item_sk=store_returns.sr_item_sk)AND(store_sales.ss_customer_sk=store_returns.sr_customer_sk)AND(store_sales.ss_ticket_number=store_returns.sr_ticket_number),store_sales.ss_sold_date_sk=d1.d_date_sk,(catalog_sales.cs_item_sk=store_returns.sr_item_sk)AND(catalog_sales.cs_bill_customer_sk=store_returns.sr_customer_sk),catalog_sales.cs_sold_date_sk=d3.d_date_sk,store_returns.sr_returned_date_sk=d2.d_date_sk#d1.d_moy,,=,,4,,d1.d_year,,=,,2000,,d3.d_moy,,>=,,4,,d3.d_moy,,<=,,10,,d3.d_year,,=,,2000,,d2.d_moy,,>=,,4,,d2.d_moy,,<=,,10,,d2.d_year,,=,,2000#0
item item,customer_demographics customer_demographics,catalog_sales catalog_sales,date_dim date_dim,promotion promotion#item.i_item_sk=catalog_sales.cs_item_sk,catalog_sales.cs_promo_sk=promotion.p_promo_sk,customer_demographics.cd_demo_sk=catalog_sales.cs_bill_cdemo_sk,catalog_sales.cs_sold_date_sk=date_dim.d_date_sk#customer_demographics.cd_gender,,=,,'F'::bpchar,,customer_demographics.cd_marital_status,,=,,'W'::bpchar,,customer_demographics.cd_education_status,,=,,'Primary'::bpchar,,date_dim.d_year,,=,,1998,,promotion.p_channel_email,,=,,'N'::bpchar,,promotion.p_channel_event,,=,,'N'::bpchar#100
item item,customer_demographics customer_demographics,store_sales store_sales,date_dim date_dim,store store#item.i_item_sk=store_sales.ss_item_sk,customer_demographics.cd_demo_sk=store_sales.ss_cdemo_sk,store_sales.ss_store_sk=store.s_store_sk,store_sales.ss_sold_date_sk=date_dim.d_date_sk#customer_demographics.cd_gender,,=,,'F'::bpchar,,customer_demographics.cd_marital_status,,=,,'W'::bpchar,,customer_demographics.cd_education_status,,=,,'Primary'::bpchar,,date_dim.d_year,,=,,1998#100
store_sales store_sales,store_sales store_sales_1,store_sales store_sales_2,store_sales store_sales_3,store_sales store_sales_4,store_sales store_sales_5##store_sales.ss_quantity,,>=,,0,,store_sales.ss_quantity,,<=,,5,,store_sales.ss_list_price,,>=,,'11'::numeric,,store_sales.ss_list_price,,<=,,'21'::numeric,,store_sales.ss_coupon_amt,,>=,,'460'::numeric,,store_sales.ss_coupon_amt,,<=,,'1460'::numeric,,store_sales.ss_wholesale_cost,,>=,,'14'::numeric,,store_sales.ss_wholesale_cost,,<=,,'34'::numeric,,store_sales_1.ss_quantity,,>=,,6,,store_sales_1.ss_quantity,,<=,,10,,store_sales_1.ss_list_price,,>=,,'91'::numeric,,store_sales_1.ss_list_price,,<=,,'101'::numeric,,store_sales_1.ss_coupon_amt,,>=,,'1430'::numeric,,store_sales_1.ss_coupon_amt,,<=,,'2430'::numeric,,store_sales_1.ss_wholesale_cost,,>=,,'32'::numeric,,store_sales_1.ss_wholesale_cost,,<=,,'52'::numeric,,store_sales_2.ss_quantity,,>=,,11,,store_sales_2.ss_quantity,,<=,,15,,store_sales_2.ss_list_price,,>=,,'66'::numeric,,store_sales_2.ss_list_price,,<=,,'76'::numeric,,store_sales_2.ss_coupon_amt,,>=,,'920'::numeric,,store_sales_2.ss_coupon_amt,,<=,,'1920'::numeric,,store_sales_2.ss_wholesale_cost,,>=,,'4'::numeric,,store_sales_2.ss_wholesale_cost,,<=,,'24'::numeric,,store_sales_3.ss_quantity,,>=,,16,,store_sales_3.ss_quantity,,<=,,20,,store_sales_3.ss_list_price,,>=,,'142'::numeric,,store_sales_3.ss_list_price,,<=,,'152'::numeric,,store_sales_3.ss_coupon_amt,,>=,,'3054'::numeric,,store_sales_3.ss_coupon_amt,,<=,,'4054'::numeric,,store_sales_3.ss_wholesale_cost,,>=,,'80'::numeric,,store_sales_3.ss_wholesale_cost,,<=,,'100'::numeric,,store_sales_4.ss_quantity,,>=,,21,,store_sales_4.ss_quantity,,<=,,25,,store_sales_4.ss_list_price,,>=,,'135'::numeric,,store_sales_4.ss_list_price,,<=,,'145'::numeric,,store_sales_4.ss_coupon_amt,,>=,,'14180'::numeric,,store_sales_4.ss_coupon_amt,,<=,,'15180'::numeric,,store_sales_4.ss_wholesale_cost,,>=,,'38'::numeric,,store_sales_4.ss_wholesale_cost,,<=,,'58'::numeric,,store_sales_5.ss_quantity,,>=,,26,,store_sales_5.ss_quantity,,<=,,30,,store_sales_5.ss_list_price,,>=,,'28'::numeric,,store_sales_5.ss_list_price,,<=,,'38'::numeric,,store_sales_5.ss_coupon_amt,,>=,,'2513'::numeric,,store_sales_5.ss_coupon_amt,,<=,,'3513'::numeric,,store_sales_5.ss_wholesale_cost,,>=,,'42'::numeric,,store_sales_5.ss_wholesale_cost,,<=,,'62'::numeric#1
item item,store_sales store_sales,date_dim d1,catalog_sales catalog_sales,date_dim d3,store_returns store_returns,date_dim d2,store store#item.i_item_sk=store_sales.ss_item_sk,store_sales.ss_store_sk=store.s_store_sk,(store_sales.ss_item_sk=store_returns.sr_item_sk)AND(store_sales.ss_customer_sk=store_returns.sr_customer_sk)AND(store_sales.ss_ticket_number=store_returns.sr_ticket_number),store_sales.ss_sold_date_sk=d1.d_date_sk,(catalog_sales.cs_item_sk=store_returns.sr_item_sk)AND(catalog_sales.cs_bill_customer_sk=store_returns.sr_customer_sk),catalog_sales.cs_sold_date_sk=d3.d_date_sk,store_returns.sr_returned_date_sk=d2.d_date_sk#d1.d_moy,,=,,4,,d1.d_year,,=,,1999,,d2.d_moy,,>=,,4,,d2.d_moy,,<=,,7,,d2.d_year,,=,,1999#0
customer_address customer_address_1,web_returns web_returns,date_dim date_dim,customer customer,customer_address customer_address#customer_address_1.ca_address_sk=web_returns.wr_returning_addr_sk,web_returns.wr_returned_date_sk=date_dim.d_date_sk,customer.c_customer_sk=ctr1.ctr_customer_sk,customer.c_current_addr_sk=customer_address.ca_address_sk#date_dim.d_year,,=,,2002,,customer_address.ca_state,,=,,'IL'::bpchar,,ctr1.ctr_state,,=,,ctr2.ctr_state#92
store_sales store_sales,date_dim date_dim,customer_address customer_address,web_sales web_sales,date_dim date_dim_1,customer_address customer_address_1#(ss2.ca_county)::text=(ss1.ca_county)::text,store_sales.ss_addr_sk=customer_address.ca_address_sk,store_sales.ss_sold_date_sk=date_dim.d_date_sk,web_sales.ws_bill_addr_sk=customer_address_1.ca_address_sk,web_sales.ws_sold_date_sk=date_dim_1.d_date_sk,(ss3.ca_county)::text=(ss1.ca_county)::text,(ss1.ca_county)::text=(ws1.ca_county)::text,(ws3.ca_county)::text=(ws1.ca_county)::text,(ws1.ca_county)::text=(ws2.ca_county)::text#ss2.d_year,,=,,2000,,ss2.d_qoy,,=,,2,,ss3.d_year,,=,,2000,,ss3.d_qoy,,=,,3,,ss1.d_qoy,,=,,1,,ss1.d_year,,=,,2000,,ws3.d_year,,=,,2000,,ws3.d_qoy,,=,,3,,ws1.d_qoy,,=,,1,,ws1.d_year,,=,,2000,,ws2.d_year,,=,,2000,,ws2.d_qoy,,=,,2#51
catalog_sales catalog_sales,date_dim date_dim,item item,date_dim date_dim_1,catalog_sales catalog_sales_1#catalog_sales.cs_item_sk=item.i_item_sk,catalog_sales.cs_sold_date_sk=date_dim.d_date_sk,date_dim_1.d_date_sk=catalog_sales_1.cs_sold_date_sk#date_dim.d_date,,>=,,'1998-03-18'::date,,date_dim.d_date,,<=,,'1998-06-16 00:00:00'::timestamp without time zone,,item.i_manufact_id,,=,,269,,date_dim_1.d_date,,>=,,'1998-03-18'::date,,date_dim_1.d_date,,<=,,'1998-06-16 00:00:00'::timestamp without time zone#1
item item,customer_address customer_address,store_sales store_sales,date_dim date_dim,item item_1,item item_2,customer_address customer_address_1,catalog_sales catalog_sales,date_dim date_dim_1,item item_3,item item_4,customer_address customer_address_2,web_sales web_sales,date_dim date_dim_2,item item_5#item.i_manufact_id=item_1.i_manufact_id,item.i_item_sk=store_sales.ss_item_sk,customer_address.ca_address_sk=store_sales.ss_addr_sk,store_sales.ss_sold_date_sk=date_dim.d_date_sk,item_2.i_manufact_id=item_3.i_manufact_id,item_2.i_item_sk=catalog_sales.cs_item_sk,customer_address_1.ca_address_sk=catalog_sales.cs_bill_addr_sk,catalog_sales.cs_sold_date_sk=date_dim_1.d_date_sk,item_4.i_manufact_id=item_5.i_manufact_id,item_4.i_item_sk=web_sales.ws_item_sk,customer_address_2.ca_address_sk=web_sales.ws_bill_addr_sk,web_sales.ws_sold_date_sk=date_dim_2.d_date_sk#customer_address.ca_gmt_offset,,=,,'-5'::numeric,,date_dim.d_year,,=,,1999,,date_dim.d_moy,,=,,3,,item_1.i_category,,=,,'Books'::bpchar,,customer_address_1.ca_gmt_offset,,=,,'-5'::numeric,,date_dim_1.d_year,,=,,1999,,date_dim_1.d_moy,,=,,3,,item_3.i_category,,=,,'Books'::bpchar,,customer_address_2.ca_gmt_offset,,=,,'-5'::numeric,,date_dim_2.d_year,,=,,1999,,date_dim_2.d_moy,,=,,3,,item_5.i_category,,=,,'Books'::bpchar#100
customer customer,store_sales store_sales,date_dim date_dim,household_demographics household_demographics,store store#customer.c_customer_sk=dn.ss_customer_sk,store_sales.ss_store_sk=store.s_store_sk,store_sales.ss_hdemo_sk=household_demographics.hd_demo_sk,store_sales.ss_sold_date_sk=date_dim.d_date_sk##347
customer c,web_sales web_sales,date_dim date_dim_1,catalog_sales catalog_sales,date_dim date_dim_2,store_sales store_sales,date_dim date_dim,customer_address ca,customer_demographics customer_demographics#c.c_current_cdemo_sk=customer_demographics.cd_demo_sk,c.c_current_addr_sk=ca.ca_address_sk,c.c_customer_sk=store_sales.ss_customer_sk,web_sales.ws_sold_date_sk=date_dim_1.d_date_sk,catalog_sales.cs_sold_date_sk=date_dim_2.d_date_sk,store_sales.ss_sold_date_sk=date_dim.d_date_sk#date_dim_1.d_qoy,,<,,4,,date_dim_1.d_year,,=,,1999,,date_dim_2.d_qoy,,<,,4,,date_dim_2.d_year,,=,,1999,,date_dim.d_qoy,,<,,4,,date_dim.d_year,,=,,1999#100
item item,store_sales store_sales,date_dim d1,store store#item.i_item_sk=store_sales.ss_item_sk,store_sales.ss_store_sk=store.s_store_sk,store_sales.ss_sold_date_sk=d1.d_date_sk#d1.d_year,,=,,2000#100
catalog_sales catalog_sales,item item,inventory inventory,date_dim date_dim#item.i_item_sk=inventory.inv_item_sk,catalog_sales.cs_item_sk=item.i_item_sk,inventory.inv_date_sk=date_dim.d_date_sk#inventory.inv_quantity_on_hand,,>=,,100,,inventory.inv_quantity_on_hand,,<=,,500,,date_dim.d_date,,>=,,'2001-06-02'::date,,date_dim.d_date,,<=,,'2001-08-01 00:00:00'::timestamp without time zone#0
customer customer,web_sales web_sales,date_dim date_dim,customer customer_1,catalog_sales catalog_sales,date_dim date_dim_1,customer customer_2,store_sales store_sales,date_dim date_dim_2#customer.c_customer_sk=web_sales.ws_bill_customer_sk,web_sales.ws_sold_date_sk=date_dim.d_date_sk,customer_1.c_customer_sk=catalog_sales.cs_bill_customer_sk,catalog_sales.cs_sold_date_sk=date_dim_1.d_date_sk,customer_2.c_customer_sk=store_sales.ss_customer_sk,store_sales.ss_sold_date_sk=date_dim_2.d_date_sk#date_dim.d_month_seq,,>=,,1212,,date_dim.d_month_seq,,<=,,1223,,date_dim_1.d_month_seq,,>=,,1212,,date_dim_1.d_month_seq,,<=,,1223,,date_dim_2.d_month_seq,,>=,,1212,,date_dim_2.d_month_seq,,<=,,1223#1
inventory inventory,date_dim date_dim,item item,warehouse warehouse#inventory.inv_warehouse_sk=warehouse.w_warehouse_sk,inventory.inv_item_sk=item.i_item_sk,inventory.inv_date_sk=date_dim.d_date_sk,(inv1.i_item_sk=inv2.i_item_sk)AND(inv1.w_warehouse_sk=inv2.w_warehouse_sk)#date_dim.d_year,,=,,1998,,inv1.d_moy,,=,,4,,inv2.d_moy,,=,,5#146
item item,catalog_sales catalog_sales,date_dim date_dim,catalog_returns catalog_returns,warehouse warehouse#catalog_sales.cs_warehouse_sk=warehouse.w_warehouse_sk,item.i_item_sk=catalog_sales.cs_item_sk,(catalog_sales.cs_order_number=catalog_returns.cr_order_number)AND(catalog_sales.cs_item_sk=catalog_returns.cr_item_sk),catalog_sales.cs_sold_date_sk=date_dim.d_date_sk#item.i_current_price,,>=,,0.99,,item.i_current_price,,<=,,1.49,,date_dim.d_date,,>=,,'1998-03-09 00:00:00'::timestamp without time zone,,date_dim.d_date,,<=,,'1998-05-08 00:00:00'::timestamp without time zone#100
item i1,item item##item.i_manufact,,=,,i1.i_manufact,,item.i_category,,=,,'Women'::bpchar,,item.i_color,,=,,'orchid'::bpchar,,item.i_color,,=,,'papaya'::bpchar,,item.i_units,,=,,'Pound'::bpchar,,item.i_units,,=,,'Lb'::bpchar,,item.i_size,,=,,'petite'::bpchar,,item.i_size,,=,,'medium'::bpchar,,item.i_category,,=,,'Women'::bpchar,,item.i_color,,=,,'burlywood'::bpchar,,item.i_color,,=,,'navy'::bpchar,,item.i_units,,=,,'Bundle'::bpchar,,item.i_units,,=,,'Each'::bpchar,,item.i_size,,=,,'N/A'::bpchar,,item.i_size,,=,,'extra large'::bpchar,,item.i_category,,=,,'Men'::bpchar,,item.i_color,,=,,'bisque'::bpchar,,item.i_color,,=,,'azure'::bpchar,,item.i_units,,=,,'N/A'::bpchar,,item.i_units,,=,,'Tsp'::bpchar,,item.i_size,,=,,'small'::bpchar,,item.i_size,,=,,'large'::bpchar,,item.i_category,,=,,'Men'::bpchar,,item.i_color,,=,,'chocolate'::bpchar,,item.i_color,,=,,'cornflower'::bpchar,,item.i_units,,=,,'Bunch'::bpchar,,item.i_units,,=,,'Gross'::bpchar,,item.i_size,,=,,'petite'::bpchar,,item.i_size,,=,,'medium'::bpchar,,item.i_category,,=,,'Women'::bpchar,,item.i_color,,=,,'salmon'::bpchar,,item.i_color,,=,,'midnight'::bpchar,,item.i_units,,=,,'Oz'::bpchar,,item.i_units,,=,,'Box'::bpchar,,item.i_size,,=,,'petite'::bpchar,,item.i_size,,=,,'medium'::bpchar,,item.i_category,,=,,'Women'::bpchar,,item.i_color,,=,,'snow'::bpchar,,item.i_color,,=,,'steel'::bpchar,,item.i_units,,=,,'Carton'::bpchar,,item.i_units,,=,,'Tbl'::bpchar,,item.i_size,,=,,'N/A'::bpchar,,item.i_size,,=,,'extra large'::bpchar,,item.i_category,,=,,'Men'::bpchar,,item.i_color,,=,,'purple'::bpchar,,item.i_color,,=,,'gainsboro'::bpchar,,item.i_units,,=,,'Dram'::bpchar,,item.i_units,,=,,'Unknown'::bpchar,,item.i_size,,=,,'small'::bpchar,,item.i_size,,=,,'large'::bpchar,,item.i_category,,=,,'Men'::bpchar,,item.i_color,,=,,'metallic'::bpchar,,item.i_color,,=,,'forest'::bpchar,,item.i_units,,=,,'Gram'::bpchar,,item.i_units,,=,,'Ounce'::bpchar,,item.i_size,,=,,'petite'::bpchar,,item.i_size,,=,,'medium'::bpchar#0
store_sales store_sales,date_dim dt,item item#store_sales.ss_item_sk=item.i_item_sk,store_sales.ss_sold_date_sk=dt.d_date_sk#dt.d_moy,,=,,12,,dt.d_year,,=,,1998,,item.i_manager_id,,=,,1#10
store_sales store_sales,date_dim date_dim,store store#store_sales.ss_store_sk=store.s_store_sk,store_sales.ss_sold_date_sk=date_dim.d_date_sk#date_dim.d_year,,=,,1998,,store.s_gmt_offset,,=,,'-5'::numeric#6
store_sales store_sales,store_sales ss1,item i1,store_sales store_sales_1,store_sales ss1_1,item i2#v11.rnk=v21.rnk,v11.item_sk=i1.i_item_sk,v21.item_sk=i2.i_item_sk#v11.rnk,,<,,11,,ss1.ss_store_sk,,=,,2,,v21.rnk,,<,,11,,ss1_1.ss_store_sk,,=,,2#10
item item,customer_address customer_address,customer customer,web_sales web_sales,date_dim date_dim,item item_1#item.i_item_sk=web_sales.ws_item_sk,customer_address.ca_address_sk=customer.c_current_addr_sk,customer.c_customer_sk=web_sales.ws_bill_customer_sk,web_sales.ws_sold_date_sk=date_dim.d_date_sk#date_dim.d_qoy,,=,,2,,date_dim.d_year,,=,,2000#16
customer customer,customer_address customer_address,store_sales store_sales,date_dim date_dim,household_demographics household_demographics,store store,customer_address current_addr#customer.c_current_addr_sk=current_addr.ca_address_sk,customer.c_customer_sk=dn.ss_customer_sk,customer_address.ca_address_sk=store_sales.ss_addr_sk,store_sales.ss_store_sk=store.s_store_sk,store_sales.ss_hdemo_sk=household_demographics.hd_demo_sk,store_sales.ss_sold_date_sk=date_dim.d_date_sk#(current_addr.ca_city)::text,,<>,,(dn.bought_city)::text,,household_demographics.hd_dep_count,,=,,5,,household_demographics.hd_vehicle_count,,=,,3#100
store_sales store_sales,date_dim date_dim,item item,store store#store_sales.ss_store_sk=store.s_store_sk,store_sales.ss_item_sk=item.i_item_sk,store_sales.ss_sold_date_sk=date_dim.d_date_sk,(v1_lead.i_category=v1.i_category)AND(v1_lead.i_brand=v1.i_brand)AND((v1_lead.s_store_name)::text=(v1.s_store_name)::text)AND((v1_lead.s_company_name)::text=(v1.s_company_name)::text)AND((v1_lead.rn-1)=v1.rn),(v1_lag.i_category=v1.i_category)AND(v1_lag.i_brand=v1.i_brand)AND((v1_lag.s_store_name)::text=(v1.s_store_name)::text)AND((v1_lag.s_company_name)::text=(v1.s_company_name)::text)AND((v1_lag.rn+1)=v1.rn)#date_dim.d_year,,=,,2000,,date_dim.d_year,,=,,1999,,date_dim.d_moy,,=,,12,,date_dim.d_year,,=,,2001,,date_dim.d_moy,,=,,1#100
customer_address customer_address,customer_demographics customer_demographics,store_sales store_sales,date_dim date_dim,store store#store_sales.ss_store_sk=store.s_store_sk,customer_address.ca_address_sk=store_sales.ss_addr_sk,customer_demographics.cd_demo_sk=store_sales.ss_cdemo_sk,store_sales.ss_sold_date_sk=date_dim.d_date_sk#customer_demographics.cd_marital_status,,=,,'M'::bpchar,,customer_demographics.cd_education_status,,=,,'4 yr Degree'::bpchar,,store_sales.ss_sales_price,,>=,,100.00,,store_sales.ss_sales_price,,<=,,150.00,,customer_demographics.cd_marital_status,,=,,'D'::bpchar,,customer_demographics.cd_education_status,,=,,'Primary'::bpchar,,store_sales.ss_sales_price,,>=,,50.00,,store_sales.ss_sales_price,,<=,,100.00,,customer_demographics.cd_marital_status,,=,,'U'::bpchar,,customer_demographics.cd_education_status,,=,,'Advanced Degree'::bpchar,,store_sales.ss_sales_price,,>=,,150.00,,store_sales.ss_sales_price,,<=,,200.00,,customer_demographics.cd_marital_status,,=,,'M'::bpchar,,customer_demographics.cd_education_status,,=,,'4 yr Degree'::bpchar,,customer_demographics.cd_marital_status,,=,,'D'::bpchar,,customer_demographics.cd_education_status,,=,,'Primary'::bpchar,,customer_demographics.cd_marital_status,,=,,'U'::bpchar,,customer_demographics.cd_education_status,,=,,'Advanced Degree'::bpchar,,store_sales.ss_sales_price,,>=,,100.00,,store_sales.ss_sales_price,,<=,,150.00,,store_sales.ss_sales_price,,>=,,50.00,,store_sales.ss_sales_price,,<=,,100.00,,store_sales.ss_sales_price,,>=,,150.00,,store_sales.ss_sales_price,,<=,,200.00,,store_sales.ss_net_profit,,>=,,'0'::numeric,,store_sales.ss_net_profit,,<=,,'2000'::numeric,,store_sales.ss_net_profit,,>=,,'150'::numeric,,store_sales.ss_net_profit,,<=,,'3000'::numeric,,store_sales.ss_net_profit,,>=,,'50'::numeric,,store_sales.ss_net_profit,,<=,,'25000'::numeric,,date_dim.d_year,,=,,1998#1
web_returns wr,web_sales ws,date_dim date_dim,catalog_returns cr,catalog_sales cs,date_dim date_dim_1,store_returns sr,store_sales sts,date_dim date_dim_2#(wr.wr_order_number=ws.ws_order_number)AND(wr.wr_item_sk=ws.ws_item_sk),ws.ws_sold_date_sk=date_dim.d_date_sk,(cr.cr_order_number=cs.cs_order_number)AND(cr.cr_item_sk=cs.cs_item_sk),cs.cs_sold_date_sk=date_dim_1.d_date_sk,(sr.sr_ticket_number=sts.ss_ticket_number)AND(sr.sr_item_sk=sts.ss_item_sk),sts.ss_sold_date_sk=date_dim_2.d_date_sk#web.return_rank,,<=,,10,,web.currency_rank,,<=,,10,,wr.wr_return_amt,,>,,'10000'::numeric,,ws.ws_net_profit,,>,,'1'::numeric,,ws.ws_net_paid,,>,,'0'::numeric,,ws.ws_quantity,,>,,0,,date_dim.d_year,,=,,2000,,date_dim.d_moy,,=,,12,,catalog.return_rank,,<=,,10,,catalog.currency_rank,,<=,,10,,cr.cr_return_amount,,>,,'10000'::numeric,,cs.cs_net_profit,,>,,'1'::numeric,,cs.cs_net_paid,,>,,'0'::numeric,,cs.cs_quantity,,>,,0,,date_dim_1.d_year,,=,,2000,,date_dim_1.d_moy,,=,,12,,store.return_rank,,<=,,10,,store.currency_rank,,<=,,10,,sr.sr_return_amt,,>,,'10000'::numeric,,sts.ss_net_profit,,>,,'1'::numeric,,sts.ss_net_paid,,>,,'0'::numeric,,sts.ss_quantity,,>,,0,,date_dim_2.d_year,,=,,2000,,date_dim_2.d_moy,,=,,12#31
store_sales store_sales,store_returns store_returns,date_dim d2,store store,date_dim d1#store_sales.ss_sold_date_sk=d1.d_date_sk,store_sales.ss_store_sk=store.s_store_sk,(store_sales.ss_ticket_number=store_returns.sr_ticket_number)AND(store_sales.ss_item_sk=store_returns.sr_item_sk)AND(store_sales.ss_customer_sk=store_returns.sr_customer_sk),store_returns.sr_returned_date_sk=d2.d_date_sk#d2.d_year,,=,,2000,,d2.d_moy,,=,,9#6
web_sales web_sales,date_dim date_dim,store_sales store_sales,date_dim date_dim_1#(web_sales.ws_item_sk=store_sales.ss_item_sk)AND(date_dim.d_date=date_dim_1.d_date),web_sales.ws_sold_date_sk=date_dim.d_date_sk,store_sales.ss_sold_date_sk=date_dim_1.d_date_sk#y.web_cumulative,,>,,y.store_cumulative,,date_dim.d_month_seq,,>=,,1212,,date_dim.d_month_seq,,<=,,1223,,date_dim_1.d_month_seq,,>=,,1212,,date_dim_1.d_month_seq,,<=,,1223#100
store_sales store_sales,date_dim dt,item item#store_sales.ss_item_sk=item.i_item_sk,store_sales.ss_sold_date_sk=dt.d_date_sk#dt.d_moy,,=,,12,,dt.d_year,,=,,1998,,item.i_manager_id,,=,,1#100
store_sales store_sales,item item,date_dim date_dim,store store#store_sales.ss_store_sk=store.s_store_sk,store_sales.ss_sold_date_sk=date_dim.d_date_sk,store_sales.ss_item_sk=item.i_item_sk##14
date_dim date_dim_2,date_dim date_dim_3,store_sales store_sales,date_dim date_dim,customer_address customer_address,customer customer,catalog_sales catalog_sales,web_sales web_sales,date_dim date_dim_1,item item,store store#((customer_address.ca_county)::text=(store.s_county)::text)AND(customer_address.ca_state=store.s_state),store_sales.ss_customer_sk=customer.c_customer_sk,store_sales.ss_sold_date_sk=date_dim.d_date_sk,customer_address.ca_address_sk=customer.c_current_addr_sk,customer.c_customer_sk=catalog_sales.cs_bill_customer_sk,catalog_sales.cs_item_sk=item.i_item_sk,catalog_sales.cs_sold_date_sk=date_dim_1.d_date_sk#date_dim_2.d_year,,=,,1999,,date_dim_2.d_moy,,=,,3,,date_dim_3.d_year,,=,,1999,,date_dim_3.d_moy,,=,,3,,date_dim.d_month_seq,,>=,,$0,,date_dim.d_month_seq,,<=,,$1,,date_dim_1.d_moy,,=,,3,,date_dim_1.d_year,,=,,1999,,item.i_category,,=,,'Jewelry'::bpchar,,item.i_class,,=,,'consignment'::bpchar#0
store_sales store_sales,date_dim date_dim,item item#store_sales.ss_item_sk=item.i_item_sk,store_sales.ss_sold_date_sk=date_dim.d_date_sk#date_dim.d_moy,,=,,12,,date_dim.d_year,,=,,2001,,item.i_manager_id,,=,,36#69
item item,customer_address customer_address,store_sales store_sales,date_dim date_dim,item item_1,item item_2,customer_address customer_address_1,catalog_sales catalog_sales,date_dim date_dim_1,item item_3,item item_4,customer_address customer_address_2,web_sales web_sales,date_dim date_dim_2,item item_5#item.i_item_id=item_1.i_item_id,item.i_item_sk=store_sales.ss_item_sk,customer_address.ca_address_sk=store_sales.ss_addr_sk,store_sales.ss_sold_date_sk=date_dim.d_date_sk,item_2.i_item_id=item_3.i_item_id,item_2.i_item_sk=catalog_sales.cs_item_sk,customer_address_1.ca_address_sk=catalog_sales.cs_bill_addr_sk,catalog_sales.cs_sold_date_sk=date_dim_1.d_date_sk,item_4.i_item_id=item_5.i_item_id,item_4.i_item_sk=web_sales.ws_item_sk,customer_address_2.ca_address_sk=web_sales.ws_bill_addr_sk,web_sales.ws_sold_date_sk=date_dim_2.d_date_sk#customer_address.ca_gmt_offset,,=,,'-8'::numeric,,date_dim.d_year,,=,,2000,,date_dim.d_moy,,=,,1,,customer_address_1.ca_gmt_offset,,=,,'-8'::numeric,,date_dim_1.d_year,,=,,2000,,date_dim_1.d_moy,,=,,1,,customer_address_2.ca_gmt_offset,,=,,'-8'::numeric,,date_dim_2.d_year,,=,,2000,,date_dim_2.d_moy,,=,,1#78
item item,catalog_sales catalog_sales,date_dim date_dim,call_center call_center#item.i_item_sk=catalog_sales.cs_item_sk,catalog_sales.cs_call_center_sk=call_center.cc_call_center_sk,catalog_sales.cs_sold_date_sk=date_dim.d_date_sk,(v1_lead.i_category=v1.i_category)AND(v1_lead.i_brand=v1.i_brand)AND((v1_lead.cc_name)::text=(v1.cc_name)::text)AND((v1_lead.rn-1)=v1.rn),(v1_lag.i_category=v1.i_category)AND(v1_lag.i_brand=v1.i_brand)AND((v1_lag.cc_name)::text=(v1.cc_name)::text)AND((v1_lag.rn+1)=v1.rn)#date_dim.d_year,,=,,2000,,date_dim.d_year,,=,,1999,,date_dim.d_moy,,=,,12,,date_dim.d_year,,=,,2001,,date_dim.d_moy,,=,,1#100
date_dim date_dim_6,item item,store_sales store_sales,date_dim date_dim,date_dim date_dim_1,date_dim date_dim_7,item item_1,catalog_sales catalog_sales,date_dim date_dim_2,date_dim date_dim_3,date_dim date_dim_8,item item_2,web_sales web_sales,date_dim date_dim_4,date_dim date_dim_5#item.i_item_id=item_1.i_item_id,item.i_item_sk=store_sales.ss_item_sk,store_sales.ss_sold_date_sk=date_dim.d_date_sk,date_dim.d_date=date_dim_1.d_date,item_1.i_item_id=item_2.i_item_id,item_1.i_item_sk=catalog_sales.cs_item_sk,catalog_sales.cs_sold_date_sk=date_dim_2.d_date_sk,date_dim_2.d_date=date_dim_3.d_date,item_2.i_item_sk=web_sales.ws_item_sk,web_sales.ws_sold_date_sk=date_dim_4.d_date_sk,date_dim_4.d_date=date_dim_5.d_date#date_dim_6.d_date,,=,,'1998-02-19'::date,,date_dim_1.d_week_seq,,=,,$0,,date_dim_7.d_date,,=,,'1998-02-19'::date,,date_dim_3.d_week_seq,,=,,$1,,date_dim_8.d_date,,=,,'1998-02-19'::date,,date_dim_5.d_week_seq,,=,,$2#0
store_sales store_sales,date_dim date_dim,date_dim d_1,store store_1,store store,date_dim d#store_sales.ss_sold_date_sk=date_dim.d_date_sk,d_1.d_week_seq=wss_1.d_week_seq,((wss_1.d_week_seq-52)=d.d_week_seq)AND(store_1.s_store_id=store.s_store_id),wss_1.ss_store_sk=store_1.s_store_sk,wss.d_week_seq=d.d_week_seq,wss.ss_store_sk=store.s_store_sk#d_1.d_month_seq,,>=,,1197,,d_1.d_month_seq,,<=,,1208,,d.d_month_seq,,>=,,1185,,d.d_month_seq,,<=,,1196#100
item item,customer_address customer_address,store_sales store_sales,date_dim date_dim,item item_1,item item_2,customer_address customer_address_1,catalog_sales catalog_sales,date_dim date_dim_1,item item_3,item item_4,customer_address customer_address_2,web_sales web_sales,date_dim date_dim_2,item item_5#item.i_item_id=item_1.i_item_id,item.i_item_sk=store_sales.ss_item_sk,customer_address.ca_address_sk=store_sales.ss_addr_sk,store_sales.ss_sold_date_sk=date_dim.d_date_sk,item_2.i_item_id=item_3.i_item_id,item_2.i_item_sk=catalog_sales.cs_item_sk,customer_address_1.ca_address_sk=catalog_sales.cs_bill_addr_sk,catalog_sales.cs_sold_date_sk=date_dim_1.d_date_sk,item_4.i_item_id=item_5.i_item_id,item_4.i_item_sk=web_sales.ws_item_sk,customer_address_2.ca_address_sk=web_sales.ws_bill_addr_sk,web_sales.ws_sold_date_sk=date_dim_2.d_date_sk#customer_address.ca_gmt_offset,,=,,'-6'::numeric,,date_dim.d_year,,=,,1999,,date_dim.d_moy,,=,,9,,item_1.i_category,,=,,'Children'::bpchar,,customer_address_1.ca_gmt_offset,,=,,'-6'::numeric,,date_dim_1.d_year,,=,,1999,,date_dim_1.d_moy,,=,,9,,item_3.i_category,,=,,'Children'::bpchar,,customer_address_2.ca_gmt_offset,,=,,'-6'::numeric,,date_dim_2.d_year,,=,,1999,,date_dim_2.d_moy,,=,,9,,item_5.i_category,,=,,'Children'::bpchar#100
customer customer,customer_address customer_address,item item,store_sales store_sales,date_dim date_dim,store store,promotion promotion,item item_1,customer customer_1,customer_address customer_address_1,store_sales store_sales_1,date_dim date_dim_1,store store_1#customer.c_customer_sk=store_sales.ss_customer_sk,customer.c_current_addr_sk=customer_address.ca_address_sk,item.i_item_sk=store_sales.ss_item_sk,store_sales.ss_promo_sk=promotion.p_promo_sk,store_sales.ss_store_sk=store.s_store_sk,store_sales.ss_sold_date_sk=date_dim.d_date_sk,item_1.i_item_sk=store_sales_1.ss_item_sk,customer_1.c_customer_sk=store_sales_1.ss_customer_sk,customer_1.c_current_addr_sk=customer_address_1.ca_address_sk,store_sales_1.ss_store_sk=store_1.s_store_sk,store_sales_1.ss_sold_date_sk=date_dim_1.d_date_sk#customer_address.ca_gmt_offset,,=,,'-7'::numeric,,item.i_category,,=,,'Books'::bpchar,,date_dim.d_year,,=,,1999,,date_dim.d_moy,,=,,11,,store.s_gmt_offset,,=,,'-7'::numeric,,promotion.p_channel_dmail,,=,,'Y'::bpchar,,promotion.p_channel_email,,=,,'Y'::bpchar,,promotion.p_channel_tv,,=,,'Y'::bpchar,,item_1.i_category,,=,,'Books'::bpchar,,customer_address_1.ca_gmt_offset,,=,,'-7'::numeric,,date_dim_1.d_year,,=,,1999,,date_dim_1.d_moy,,=,,11,,store_1.s_gmt_offset,,=,,'-7'::numeric#1
web_sales web_sales,date_dim date_dim,warehouse warehouse,ship_mode ship_mode,web_site web_site#web_sales.ws_web_site_sk=web_site.web_site_sk,web_sales.ws_ship_mode_sk=ship_mode.sm_ship_mode_sk,web_sales.ws_warehouse_sk=warehouse.w_warehouse_sk,web_sales.ws_ship_date_sk=date_dim.d_date_sk#date_dim.d_month_seq,,>=,,1212,,date_dim.d_month_seq,,<=,,1223#100
store_sales store_sales,item item,date_dim date_dim,store store#store_sales.ss_store_sk=store.s_store_sk,store_sales.ss_sold_date_sk=date_dim.d_date_sk,store_sales.ss_item_sk=item.i_item_sk##44
customer_demographics cd1,customer_demographics cd2,date_dim d2,customer_address ad2,date_dim d3,customer customer,customer_address ad1,store_returns store_returns,date_dim d1,store_sales store_sales,item item,store store,household_demographics hd1,promotion promotion,household_demographics hd2,income_band ib2,catalog_sales catalog_sales,catalog_returns catalog_returns,income_band ib1#hd1.hd_income_band_sk=ib1.ib_income_band_sk,store_sales.ss_item_sk=cs_ui.cs_item_sk,cd1.cd_demo_sk=store_sales.ss_cdemo_sk,cd2.cd_demo_sk=customer.c_current_cdemo_sk,d2.d_date_sk=customer.c_first_sales_date_sk,ad2.ca_address_sk=customer.c_current_addr_sk,d3.d_date_sk=customer.c_first_shipto_date_sk,customer.c_current_hdemo_sk=hd2.hd_demo_sk,customer.c_customer_sk=store_sales.ss_customer_sk,ad1.ca_address_sk=store_sales.ss_addr_sk,(store_returns.sr_item_sk=store_sales.ss_item_sk)AND(store_returns.sr_ticket_number=store_sales.ss_ticket_number),store_sales.ss_promo_sk=promotion.p_promo_sk,d1.d_date_sk=store_sales.ss_sold_date_sk,store_sales.ss_hdemo_sk=hd1.hd_demo_sk,store_sales.ss_store_sk=store.s_store_sk,store_sales.ss_item_sk=item.i_item_sk,hd2.hd_income_band_sk=ib2.ib_income_band_sk,(catalog_sales.cs_item_sk=catalog_returns.cr_item_sk)AND(catalog_sales.cs_order_number=catalog_returns.cr_order_number),(cs1.item_sk=cs2.item_sk)AND((cs1.store_name)::text=(cs2.store_name)::text)AND(cs1.store_zip=cs2.store_zip)#cd1.cd_marital_status,,<>,,cd2.cd_marital_status,,cs2.cnt,,<=,,cs1.cnt,,cs1.syear,,=,,2000,,cs2.syear,,=,,2001#10
store_sales store_sales,date_dim date_dim,store store,store_sales store_sales_1,date_dim date_dim_1,item item#store_sales.ss_item_sk=item.i_item_sk,store_sales.ss_store_sk=store_sales_1.ss_store_sk,store_sales.ss_sold_date_sk=date_dim.d_date_sk,store.s_store_sk=store_sales_1.ss_store_sk,store_sales_1.ss_sold_date_sk=date_dim_1.d_date_sk#date_dim.d_month_seq,,>=,,1212,,date_dim.d_month_seq,,<=,,1223,,date_dim_1.d_month_seq,,>=,,1212,,date_dim_1.d_month_seq,,<=,,1223#100
time_dim time_dim,web_sales web_sales,date_dim date_dim,ship_mode ship_mode,warehouse warehouse,time_dim time_dim_1,catalog_sales catalog_sales,date_dim date_dim_1,ship_mode ship_mode_1,warehouse warehouse_1#web_sales.ws_warehouse_sk=warehouse.w_warehouse_sk,time_dim.t_time_sk=web_sales.ws_sold_time_sk,web_sales.ws_ship_mode_sk=ship_mode.sm_ship_mode_sk,web_sales.ws_sold_date_sk=date_dim.d_date_sk,catalog_sales.cs_warehouse_sk=warehouse_1.w_warehouse_sk,time_dim_1.t_time_sk=catalog_sales.cs_sold_time_sk,catalog_sales.cs_ship_mode_sk=ship_mode_1.sm_ship_mode_sk,catalog_sales.cs_sold_date_sk=date_dim_1.d_date_sk#time_dim.t_time,,>=,,49530,,time_dim.t_time,,<=,,78330,,date_dim.d_year,,=,,2002,,time_dim_1.t_time,,>=,,49530,,time_dim_1.t_time,,<=,,78330,,date_dim_1.d_year,,=,,2002#5
store_sales store_sales,date_dim date_dim,store store,item item#store_sales.ss_item_sk=item.i_item_sk,store_sales.ss_store_sk=store.s_store_sk,store_sales.ss_sold_date_sk=date_dim.d_date_sk#dw2.rk,,<=,,100,,date_dim.d_month_seq,,>=,,1212,,date_dim.d_month_seq,,<=,,1223#100
customer customer,customer_address customer_address,store_sales store_sales,date_dim date_dim,household_demographics household_demographics,store store,customer_address current_addr#customer.c_current_addr_sk=current_addr.ca_address_sk,customer.c_customer_sk=dn.ss_customer_sk,customer_address.ca_address_sk=store_sales.ss_addr_sk,store_sales.ss_store_sk=store.s_store_sk,store_sales.ss_hdemo_sk=household_demographics.hd_demo_sk,store_sales.ss_sold_date_sk=date_dim.d_date_sk#(current_addr.ca_city)::text,,<>,,(dn.bought_city)::text,,household_demographics.hd_dep_count,,=,,5,,household_demographics.hd_vehicle_count,,=,,3#100
customer_demographics customer_demographics,customer c,customer_address ca,store_sales store_sales,date_dim date_dim,web_sales web_sales,date_dim date_dim_1,catalog_sales catalog_sales,date_dim date_dim_2#c.c_customer_sk=catalog_sales.cs_ship_customer_sk,c.c_customer_sk=web_sales.ws_bill_customer_sk,customer_demographics.cd_demo_sk=c.c_current_cdemo_sk,c.c_customer_sk=store_sales.ss_customer_sk,c.c_current_addr_sk=ca.ca_address_sk,store_sales.ss_sold_date_sk=date_dim.d_date_sk,web_sales.ws_sold_date_sk=date_dim_1.d_date_sk,catalog_sales.cs_sold_date_sk=date_dim_2.d_date_sk#date_dim.d_moy,,>=,,1,,date_dim.d_moy,,<=,,3,,date_dim.d_year,,=,,1999,,date_dim_1.d_moy,,>=,,1,,date_dim_1.d_moy,,<=,,3,,date_dim_1.d_year,,=,,1999,,date_dim_2.d_moy,,>=,,1,,date_dim_2.d_moy,,<=,,3,,date_dim_2.d_year,,=,,1999#100
store_sales store_sales,date_dim d1,store store,store_sales store_sales_1,date_dim date_dim,store store_1#store.s_state=tmp1.s_state,store_sales.ss_store_sk=store.s_store_sk,store_sales.ss_sold_date_sk=d1.d_date_sk,store_sales_1.ss_store_sk=store_1.s_store_sk,store_sales_1.ss_sold_date_sk=date_dim.d_date_sk#d1.d_month_seq,,>=,,1212,,d1.d_month_seq,,<=,,1223,,tmp1.ranking,,<=,,5,,date_dim.d_month_seq,,>=,,1212,,date_dim.d_month_seq,,<=,,1223#3
time_dim time_dim,store_sales store_sales,date_dim date_dim,catalog_sales catalog_sales,date_dim date_dim_1,web_sales web_sales,date_dim date_dim_2,item item#"time_dim.t_time_sk=""*SELECT*3"".time_sk,""*SELECT*3"".sold_item_sk=item.i_item_sk,store_sales.ss_sold_date_sk=date_dim.d_date_sk,catalog_sales.cs_sold_date_sk=date_dim_1.d_date_sk,web_sales.ws_sold_date_sk=date_dim_2.d_date_sk"#time_dim.t_meal_time,,=,,'breakfast'::bpchar,,time_dim.t_meal_time,,=,,'dinner'::bpchar,,date_dim.d_moy,,=,,12,,date_dim.d_year,,=,,2000,,date_dim_1.d_moy,,=,,12,,date_dim_1.d_year,,=,,2000,,date_dim_2.d_moy,,=,,12,,date_dim_2.d_year,,=,,2000,,item.i_manager_id,,=,,1#1102
date_dim d3,item item,inventory inventory,customer_demographics customer_demographics,catalog_sales catalog_sales,date_dim d1,household_demographics household_demographics,date_dim d2,warehouse warehouse,promotion promotion#catalog_sales.cs_promo_sk=promotion.p_promo_sk,d3.d_date_sk=catalog_sales.cs_ship_date_sk,item.i_item_sk=catalog_sales.cs_item_sk,inventory.inv_warehouse_sk=warehouse.w_warehouse_sk,(inventory.inv_date_sk=d2.d_date_sk)AND(d1.d_week_seq=d2.d_week_seq),inventory.inv_item_sk=catalog_sales.cs_item_sk,customer_demographics.cd_demo_sk=catalog_sales.cs_bill_cdemo_sk,catalog_sales.cs_bill_hdemo_sk=household_demographics.hd_demo_sk,catalog_sales.cs_sold_date_sk=d1.d_date_sk#inventory.inv_quantity_on_hand,,<,,catalog_sales.cs_quantity,,customer_demographics.cd_marital_status,,=,,'M'::bpchar,,d1.d_year,,=,,2001,,household_demographics.hd_buy_potential,,=,,'1001-5000'::bpchar#100
customer customer,store_sales store_sales,date_dim date_dim,household_demographics household_demographics,store store#customer.c_customer_sk=dj.ss_customer_sk,store_sales.ss_store_sk=store.s_store_sk,store_sales.ss_hdemo_sk=household_demographics.hd_demo_sk,store_sales.ss_sold_date_sk=date_dim.d_date_sk##5
store_sales store_sales,date_dim date_dim,customer customer,customer customer_1,web_sales web_sales,date_dim date_dim_1#store_sales.ss_customer_sk=customer.c_customer_sk,store_sales.ss_sold_date_sk=date_dim.d_date_sk,customer_1.c_customer_sk=web_sales.ws_bill_customer_sk,web_sales.ws_sold_date_sk=date_dim_1.d_date_sk,t_s_secyear.customer_id=t_w_secyear.customer_id,t_s_secyear.customer_id=t_w_firstyear.customer_id,t_s_firstyear.customer_id=t_s_secyear.customer_id#t_s_firstyear.year_total,,>,,'0'::numeric,,t_s_firstyear.sale_type,,=,,'s'::text,,t_s_firstyear.year,,=,,2001,,t_s_secyear.sale_type,,=,,'s'::text,,t_s_secyear.year,,=,,2002,,t_w_firstyear.year_total,,>,,'0'::numeric,,t_w_firstyear.sale_type,,=,,'w'::text,,t_w_firstyear.year,,=,,2001,,t_w_secyear.sale_type,,=,,'w'::text,,t_w_secyear.year,,=,,2002#90
store_sales store_sales,item item,date_dim date_dim,store_returns store_returns,catalog_sales catalog_sales,item item_1,date_dim date_dim_1,catalog_returns catalog_returns,web_sales web_sales,item item_2,date_dim date_dim_2,web_returns web_returns#(store_sales.ss_ticket_number=store_returns.sr_ticket_number)AND(store_sales.ss_item_sk=store_returns.sr_item_sk),store_sales.ss_sold_date_sk=date_dim.d_date_sk,store_sales.ss_item_sk=item.i_item_sk,(catalog_sales.cs_order_number=catalog_returns.cr_order_number)AND(catalog_sales.cs_item_sk=catalog_returns.cr_item_sk),catalog_sales.cs_sold_date_sk=date_dim_1.d_date_sk,catalog_sales.cs_item_sk=item_1.i_item_sk,(web_sales.ws_order_number=web_returns.wr_order_number)AND(web_sales.ws_item_sk=web_returns.wr_item_sk),web_sales.ws_sold_date_sk=date_dim_2.d_date_sk,web_sales.ws_item_sk=item_2.i_item_sk,(curr_yr.i_brand_id=prev_yr.i_brand_id)AND(curr_yr.i_class_id=prev_yr.i_class_id)AND(curr_yr.i_category_id=prev_yr.i_category_id)AND(curr_yr.i_manufact_id=prev_yr.i_manufact_id)#item.i_category,,=,,'Sports'::bpchar,,item_1.i_category,,=,,'Sports'::bpchar,,item_2.i_category,,=,,'Sports'::bpchar,,curr_yr.d_year,,=,,2002,,prev_yr.d_year,,=,,2001#100
store_sales store_sales,item item,date_dim date_dim,catalog_sales catalog_sales,item item_1,date_dim date_dim_1,web_sales web_sales,item item_2,date_dim date_dim_2#store_sales.ss_sold_date_sk=date_dim.d_date_sk,store_sales.ss_item_sk=item.i_item_sk,catalog_sales.cs_sold_date_sk=date_dim_1.d_date_sk,catalog_sales.cs_item_sk=item_1.i_item_sk,web_sales.ws_sold_date_sk=date_dim_2.d_date_sk,web_sales.ws_item_sk=item_2.i_item_sk##100
store_sales store_sales,date_dim date_dim,store store,store_returns store_returns,date_dim date_dim_1,store store_1,catalog_sales catalog_sales,date_dim date_dim_2,catalog_returns catalog_returns,date_dim date_dim_3,web_sales web_sales,date_dim date_dim_4,web_page web_page,web_returns web_returns,date_dim date_dim_5,web_page web_page_1#store.s_store_sk=store_1.s_store_sk,store_sales.ss_store_sk=store.s_store_sk,store_sales.ss_sold_date_sk=date_dim.d_date_sk,store_returns.sr_store_sk=store_1.s_store_sk,store_returns.sr_returned_date_sk=date_dim_1.d_date_sk,catalog_sales.cs_sold_date_sk=date_dim_2.d_date_sk,catalog_returns.cr_returned_date_sk=date_dim_3.d_date_sk,web_page.wp_web_page_sk=web_page_1.wp_web_page_sk,web_sales.ws_web_page_sk=web_page.wp_web_page_sk,web_sales.ws_sold_date_sk=date_dim_4.d_date_sk,web_returns.wr_web_page_sk=web_page_1.wp_web_page_sk,web_returns.wr_returned_date_sk=date_dim_5.d_date_sk#date_dim.d_date,,>=,,'1998-08-04'::date,,date_dim.d_date,,<=,,'1998-09-03 00:00:00'::timestamp without time zone,,date_dim_1.d_date,,>=,,'1998-08-04'::date,,date_dim_1.d_date,,<=,,'1998-09-03 00:00:00'::timestamp without time zone,,date_dim_2.d_date,,>=,,'1998-08-04'::date,,date_dim_2.d_date,,<=,,'1998-09-03 00:00:00'::timestamp without time zone,,date_dim_3.d_date,,>=,,'1998-08-04'::date,,date_dim_3.d_date,,<=,,'1998-09-03 00:00:00'::timestamp without time zone,,date_dim_4.d_date,,>=,,'1998-08-04'::date,,date_dim_4.d_date,,<=,,'1998-09-03 00:00:00'::timestamp without time zone,,date_dim_5.d_date,,>=,,'1998-08-04'::date,,date_dim_5.d_date,,<=,,'1998-09-03 00:00:00'::timestamp without time zone#44
store_sales store_sales,date_dim date_dim,store_returns store_returns,catalog_sales catalog_sales,date_dim date_dim_1,catalog_returns catalog_returns,web_sales web_sales,date_dim date_dim_2,web_returns web_returns#(store_sales.ss_item_sk=web_sales.ws_item_sk)AND(store_sales.ss_customer_sk=web_sales.ws_bill_customer_sk),(store_sales.ss_item_sk=catalog_sales.cs_item_sk)AND(store_sales.ss_customer_sk=catalog_sales.cs_bill_customer_sk),(store_sales.ss_item_sk=store_returns.sr_item_sk)AND(store_sales.ss_ticket_number=store_returns.sr_ticket_number),store_sales.ss_sold_date_sk=date_dim.d_date_sk,(catalog_sales.cs_item_sk=catalog_returns.cr_item_sk)AND(catalog_sales.cs_order_number=catalog_returns.cr_order_number),catalog_sales.cs_sold_date_sk=date_dim_1.d_date_sk,(web_sales.ws_item_sk=web_returns.wr_item_sk)AND(web_sales.ws_order_number=web_returns.wr_order_number),web_sales.ws_sold_date_sk=date_dim_2.d_date_sk#date_dim_2.d_year,,=,,date_dim.d_year,,date_dim_1.d_year,,=,,date_dim.d_year,,date_dim.d_year,,=,,2000,,date_dim_1.d_year,,=,,2000,,date_dim_2.d_year,,=,,2000#100
customer customer,store_sales store_sales,date_dim date_dim,store store,household_demographics household_demographics#customer.c_customer_sk=ms.ss_customer_sk,store_sales.ss_hdemo_sk=household_demographics.hd_demo_sk,store_sales.ss_store_sk=store.s_store_sk,store_sales.ss_sold_date_sk=date_dim.d_date_sk#store.s_number_employees,,>=,,200,,store.s_number_employees,,<=,,295,,household_demographics.hd_dep_count,,=,,8,,household_demographics.hd_vehicle_count,,>,,0#100
store_sales store_sales,date_dim date_dim,promotion promotion,store_returns store_returns,item item,store store,item item_1,catalog_sales catalog_sales,date_dim date_dim_1,promotion promotion_1,catalog_returns catalog_returns,catalog_page catalog_page,item item_2,web_sales web_sales,date_dim date_dim_2,web_returns web_returns,web_site web_site,promotion promotion_2#store_sales.ss_store_sk=store.s_store_sk,store_sales.ss_item_sk=item.i_item_sk,(store_sales.ss_item_sk=store_returns.sr_item_sk)AND(store_sales.ss_ticket_number=store_returns.sr_ticket_number),store_sales.ss_promo_sk=promotion.p_promo_sk,store_sales.ss_sold_date_sk=date_dim.d_date_sk,catalog_sales.cs_catalog_page_sk=catalog_page.cp_catalog_page_sk,item_1.i_item_sk=catalog_sales.cs_item_sk,(catalog_sales.cs_item_sk=catalog_returns.cr_item_sk)AND(catalog_sales.cs_order_number=catalog_returns.cr_order_number),catalog_sales.cs_promo_sk=promotion_1.p_promo_sk,catalog_sales.cs_sold_date_sk=date_dim_1.d_date_sk,web_sales.ws_promo_sk=promotion_2.p_promo_sk,web_sales.ws_web_site_sk=web_site.web_site_sk,item_2.i_item_sk=web_sales.ws_item_sk,(web_sales.ws_item_sk=web_returns.wr_item_sk)AND(web_sales.ws_order_number=web_returns.wr_order_number),web_sales.ws_sold_date_sk=date_dim_2.d_date_sk#date_dim.d_date,,>=,,'1998-08-04'::date,,date_dim.d_date,,<=,,'1998-09-03 00:00:00'::timestamp without time zone,,promotion.p_channel_tv,,=,,'N'::bpchar,,item.i_current_price,,>,,'50'::numeric,,item_1.i_current_price,,>,,'50'::numeric,,date_dim_1.d_date,,>=,,'1998-08-04'::date,,date_dim_1.d_date,,<=,,'1998-09-03 00:00:00'::timestamp without time zone,,promotion_1.p_channel_tv,,=,,'N'::bpchar,,item_2.i_current_price,,>,,'50'::numeric,,date_dim_2.d_date,,>=,,'1998-08-04'::date,,date_dim_2.d_date,,<=,,'1998-09-03 00:00:00'::timestamp without time zone,,promotion_2.p_channel_tv,,=,,'N'::bpchar#100
customer_address customer_address_1,catalog_returns catalog_returns,date_dim date_dim,customer customer,customer_address customer_address#customer_address_1.ca_address_sk=catalog_returns.cr_returning_addr_sk,catalog_returns.cr_returned_date_sk=date_dim.d_date_sk,ctr1.ctr_customer_sk=customer.c_customer_sk,customer.c_current_addr_sk=customer_address.ca_address_sk#date_dim.d_year,,=,,1998,,ctr1.ctr_state,,=,,ctr2.ctr_state,,customer_address.ca_state,,=,,'IL'::bpchar#96
store_sales store_sales,item item,inventory inventory,date_dim date_dim#item.i_item_sk=inventory.inv_item_sk,store_sales.ss_item_sk=item.i_item_sk,inventory.inv_date_sk=date_dim.d_date_sk#inventory.inv_quantity_on_hand,,>=,,100,,inventory.inv_quantity_on_hand,,<=,,500,,date_dim.d_date,,>=,,'2002-05-30'::date,,date_dim.d_date,,<=,,'2002-07-29 00:00:00'::timestamp without time zone#1
item item,store_returns store_returns,date_dim date_dim,date_dim date_dim_1,date_dim date_dim_2,item item_1,web_returns web_returns,date_dim date_dim_3,date_dim date_dim_4,date_dim date_dim_5,item item_2,catalog_returns catalog_returns,date_dim date_dim_6,date_dim date_dim_7,date_dim date_dim_8#item.i_item_id=item_2.i_item_id,item.i_item_id=item_1.i_item_id,item.i_item_sk=store_returns.sr_item_sk,store_returns.sr_returned_date_sk=date_dim.d_date_sk,date_dim.d_date=date_dim_1.d_date,date_dim_1.d_week_seq=date_dim_2.d_week_seq,item_1.i_item_sk=web_returns.wr_item_sk,web_returns.wr_returned_date_sk=date_dim_3.d_date_sk,date_dim_3.d_date=date_dim_4.d_date,date_dim_4.d_week_seq=date_dim_5.d_week_seq,item_2.i_item_sk=catalog_returns.cr_item_sk,catalog_returns.cr_returned_date_sk=date_dim_6.d_date_sk,date_dim_6.d_date=date_dim_7.d_date,date_dim_7.d_week_seq=date_dim_8.d_week_seq##4
store_returns store_returns,customer_demographics customer_demographics,customer customer,customer_address customer_address,household_demographics household_demographics,income_band income_band#store_returns.sr_cdemo_sk=customer_demographics.cd_demo_sk,customer_demographics.cd_demo_sk=customer.c_current_cdemo_sk,customer.c_current_hdemo_sk=household_demographics.hd_demo_sk,customer.c_current_addr_sk=customer_address.ca_address_sk,household_demographics.hd_income_band_sk=income_band.ib_income_band_sk#(customer_address.ca_city)::text,,=,,'Hopewell'::text,,income_band.ib_lower_bound,,>=,,32287,,income_band.ib_upper_bound,,<=,,82287#22
customer_demographics cd1,customer_demographics cd2,web_returns web_returns,customer_address customer_address,web_sales web_sales,date_dim date_dim,web_page web_page,reason reason#web_returns.wr_reason_sk=reason.r_reason_sk,web_sales.ws_web_page_sk=web_page.wp_web_page_sk,(cd1.cd_demo_sk=web_returns.wr_refunded_cdemo_sk)AND(cd1.cd_marital_status=cd2.cd_marital_status)AND(cd1.cd_education_status=cd2.cd_education_status),cd2.cd_demo_sk=web_returns.wr_returning_cdemo_sk,(web_returns.wr_item_sk=web_sales.ws_item_sk)AND(web_returns.wr_order_number=web_sales.ws_order_number),web_returns.wr_refunded_addr_sk=customer_address.ca_address_sk,web_sales.ws_sold_date_sk=date_dim.d_date_sk#cd1.cd_marital_status,,=,,'M'::bpchar,,cd1.cd_education_status,,=,,'4 yr Degree'::bpchar,,web_sales.ws_sales_price,,>=,,100.00,,web_sales.ws_sales_price,,<=,,150.00,,cd1.cd_marital_status,,=,,'D'::bpchar,,cd1.cd_education_status,,=,,'Primary'::bpchar,,web_sales.ws_sales_price,,>=,,50.00,,web_sales.ws_sales_price,,<=,,100.00,,cd1.cd_marital_status,,=,,'U'::bpchar,,cd1.cd_education_status,,=,,'Advanced Degree'::bpchar,,web_sales.ws_sales_price,,>=,,150.00,,web_sales.ws_sales_price,,<=,,200.00,,cd1.cd_marital_status,,=,,'M'::bpchar,,cd1.cd_education_status,,=,,'4 yr Degree'::bpchar,,cd1.cd_marital_status,,=,,'D'::bpchar,,cd1.cd_education_status,,=,,'Primary'::bpchar,,cd1.cd_marital_status,,=,,'U'::bpchar,,cd1.cd_education_status,,=,,'Advanced Degree'::bpchar,,web_sales.ws_sales_price,,>=,,100.00,,web_sales.ws_sales_price,,<=,,150.00,,web_sales.ws_sales_price,,>=,,50.00,,web_sales.ws_sales_price,,<=,,100.00,,web_sales.ws_sales_price,,>=,,150.00,,web_sales.ws_sales_price,,<=,,200.00,,web_sales.ws_net_profit,,>=,,'100'::numeric,,web_sales.ws_net_profit,,<=,,'200'::numeric,,web_sales.ws_net_profit,,>=,,'150'::numeric,,web_sales.ws_net_profit,,<=,,'300'::numeric,,web_sales.ws_net_profit,,>=,,'50'::numeric,,web_sales.ws_net_profit,,<=,,'250'::numeric,,date_dim.d_year,,=,,1998#3
item item,web_sales web_sales,date_dim d1#item.i_item_sk=web_sales.ws_item_sk,web_sales.ws_sold_date_sk=d1.d_date_sk#d1.d_month_seq,,>=,,1212,,d1.d_month_seq,,<=,,1223#100
customer customer,store_sales store_sales,date_dim date_dim,customer customer_1,catalog_sales catalog_sales,date_dim date_dim_1,customer customer_2,web_sales web_sales,date_dim date_dim_2#customer.c_customer_sk=store_sales.ss_customer_sk,store_sales.ss_sold_date_sk=date_dim.d_date_sk,customer_1.c_customer_sk=catalog_sales.cs_bill_customer_sk,catalog_sales.cs_sold_date_sk=date_dim_1.d_date_sk,customer_2.c_customer_sk=web_sales.ws_bill_customer_sk,web_sales.ws_sold_date_sk=date_dim_2.d_date_sk#date_dim.d_month_seq,,>=,,1212,,date_dim.d_month_seq,,<=,,1223,,date_dim_1.d_month_seq,,>=,,1212,,date_dim_1.d_month_seq,,<=,,1223,,date_dim_2.d_month_seq,,>=,,1212,,date_dim_2.d_month_seq,,<=,,1223#1
store_sales store_sales,time_dim time_dim,household_demographics household_demographics,store store,store_sales store_sales_1,time_dim time_dim_1,household_demographics household_demographics_1,store store_1,store_sales store_sales_2,time_dim time_dim_2,household_demographics household_demographics_2,store store_2,store_sales store_sales_3,time_dim time_dim_3,household_demographics household_demographics_3,store store_3,store_sales store_sales_4,time_dim time_dim_4,household_demographics household_demographics_4,store store_4,store_sales store_sales_5,time_dim time_dim_5,household_demographics household_demographics_5,store store_5,store_sales store_sales_6,time_dim time_dim_6,household_demographics household_demographics_6,store store_6,store_sales store_sales_7,time_dim time_dim_7,household_demographics household_demographics_7,store store_7#store_sales.ss_store_sk=store.s_store_sk,store_sales.ss_hdemo_sk=household_demographics.hd_demo_sk,store_sales.ss_sold_time_sk=time_dim.t_time_sk,store_sales_1.ss_store_sk=store_1.s_store_sk,store_sales_1.ss_hdemo_sk=household_demographics_1.hd_demo_sk,store_sales_1.ss_sold_time_sk=time_dim_1.t_time_sk,store_sales_2.ss_store_sk=store_2.s_store_sk,store_sales_2.ss_hdemo_sk=household_demographics_2.hd_demo_sk,store_sales_2.ss_sold_time_sk=time_dim_2.t_time_sk,store_sales_3.ss_store_sk=store_3.s_store_sk,store_sales_3.ss_hdemo_sk=household_demographics_3.hd_demo_sk,store_sales_3.ss_sold_time_sk=time_dim_3.t_time_sk,store_sales_4.ss_store_sk=store_4.s_store_sk,store_sales_4.ss_hdemo_sk=household_demographics_4.hd_demo_sk,store_sales_4.ss_sold_time_sk=time_dim_4.t_time_sk,store_sales_5.ss_store_sk=store_5.s_store_sk,store_sales_5.ss_hdemo_sk=household_demographics_5.hd_demo_sk,store_sales_5.ss_sold_time_sk=time_dim_5.t_time_sk,store_sales_6.ss_store_sk=store_6.s_store_sk,store_sales_6.ss_hdemo_sk=household_demographics_6.hd_demo_sk,store_sales_6.ss_sold_time_sk=time_dim_6.t_time_sk,store_sales_7.ss_store_sk=store_7.s_store_sk,store_sales_7.ss_hdemo_sk=household_demographics_7.hd_demo_sk,store_sales_7.ss_sold_time_sk=time_dim_7.t_time_sk#time_dim.t_minute,,>=,,30,,time_dim.t_hour,,=,,8,,household_demographics.hd_dep_count,,=,,3,,household_demographics.hd_vehicle_count,,<=,,5,,household_demographics.hd_dep_count,,=,,0,,household_demographics.hd_vehicle_count,,<=,,2,,household_demographics.hd_dep_count,,=,,1,,household_demographics.hd_vehicle_count,,<=,,3,,(store.s_store_name)::text,,=,,'ese'::text,,time_dim_1.t_minute,,<,,30,,time_dim_1.t_hour,,=,,9,,household_demographics_1.hd_dep_count,,=,,3,,household_demographics_1.hd_vehicle_count,,<=,,5,,household_demographics_1.hd_dep_count,,=,,0,,household_demographics_1.hd_vehicle_count,,<=,,2,,household_demographics_1.hd_dep_count,,=,,1,,household_demographics_1.hd_vehicle_count,,<=,,3,,(store_1.s_store_name)::text,,=,,'ese'::text,,time_dim_2.t_minute,,>=,,30,,time_dim_2.t_hour,,=,,9,,household_demographics_2.hd_dep_count,,=,,3,,household_demographics_2.hd_vehicle_count,,<=,,5,,household_demographics_2.hd_dep_count,,=,,0,,household_demographics_2.hd_vehicle_count,,<=,,2,,household_demographics_2.hd_dep_count,,=,,1,,household_demographics_2.hd_vehicle_count,,<=,,3,,(store_2.s_store_name)::text,,=,,'ese'::text,,time_dim_3.t_minute,,<,,30,,time_dim_3.t_hour,,=,,10,,household_demographics_3.hd_dep_count,,=,,3,,household_demographics_3.hd_vehicle_count,,<=,,5,,household_demographics_3.hd_dep_count,,=,,0,,household_demographics_3.hd_vehicle_count,,<=,,2,,household_demographics_3.hd_dep_count,,=,,1,,household_demographics_3.hd_vehicle_count,,<=,,3,,(store_3.s_store_name)::text,,=,,'ese'::text,,time_dim_4.t_minute,,>=,,30,,time_dim_4.t_hour,,=,,10,,household_demographics_4.hd_dep_count,,=,,3,,household_demographics_4.hd_vehicle_count,,<=,,5,,household_demographics_4.hd_dep_count,,=,,0,,household_demographics_4.hd_vehicle_count,,<=,,2,,household_demographics_4.hd_dep_count,,=,,1,,household_demographics_4.hd_vehicle_count,,<=,,3,,(store_4.s_store_name)::text,,=,,'ese'::text,,time_dim_5.t_minute,,<,,30,,time_dim_5.t_hour,,=,,11,,household_demographics_5.hd_dep_count,,=,,3,,household_demographics_5.hd_vehicle_count,,<=,,5,,household_demographics_5.hd_dep_count,,=,,0,,household_demographics_5.hd_vehicle_count,,<=,,2,,household_demographics_5.hd_dep_count,,=,,1,,household_demographics_5.hd_vehicle_count,,<=,,3,,(store_5.s_store_name)::text,,=,,'ese'::text,,time_dim_6.t_minute,,>=,,30,,time_dim_6.t_hour,,=,,11,,household_demographics_6.hd_dep_count,,=,,3,,household_demographics_6.hd_vehicle_count,,<=,,5,,household_demographics_6.hd_dep_count,,=,,0,,household_demographics_6.hd_vehicle_count,,<=,,2,,household_demographics_6.hd_dep_count,,=,,1,,household_demographics_6.hd_vehicle_count,,<=,,3,,(store_6.s_store_name)::text,,=,,'ese'::text,,time_dim_7.t_minute,,<,,30,,time_dim_7.t_hour,,=,,12,,household_demographics_7.hd_dep_count,,=,,3,,household_demographics_7.hd_vehicle_count,,<=,,5,,household_demographics_7.hd_dep_count,,=,,0,,household_demographics_7.hd_vehicle_count,,<=,,2,,household_demographics_7.hd_dep_count,,=,,1,,household_demographics_7.hd_vehicle_count,,<=,,3,,(store_7.s_store_name)::text,,=,,'ese'::text#1
store_sales store_sales,date_dim date_dim,item item,store store#store_sales.ss_store_sk=store.s_store_sk,store_sales.ss_item_sk=item.i_item_sk,store_sales.ss_sold_date_sk=date_dim.d_date_sk#date_dim.d_year,,=,,2000#100
time_dim time_dim,web_sales web_sales,web_page web_page,household_demographics household_demographics,time_dim time_dim_1,web_sales web_sales_1,web_page web_page_1,household_demographics household_demographics_1#time_dim.t_time_sk=web_sales.ws_sold_time_sk,web_sales.ws_ship_hdemo_sk=household_demographics.hd_demo_sk,web_sales.ws_web_page_sk=web_page.wp_web_page_sk,time_dim_1.t_time_sk=web_sales_1.ws_sold_time_sk,web_sales_1.ws_ship_hdemo_sk=household_demographics_1.hd_demo_sk,web_sales_1.ws_web_page_sk=web_page_1.wp_web_page_sk#time_dim.t_hour,,>=,,6,,time_dim.t_hour,,<=,,7,,web_page.wp_char_count,,>=,,5000,,web_page.wp_char_count,,<=,,5200,,household_demographics.hd_dep_count,,=,,8,,time_dim_1.t_hour,,>=,,14,,time_dim_1.t_hour,,<=,,15,,web_page_1.wp_char_count,,>=,,5000,,web_page_1.wp_char_count,,<=,,5200,,household_demographics_1.hd_dep_count,,=,,8#1
customer_demographics customer_demographics,customer_address customer_address,customer customer,household_demographics household_demographics,catalog_returns catalog_returns,date_dim date_dim,call_center call_center#catalog_returns.cr_call_center_sk=call_center.cc_call_center_sk,customer_demographics.cd_demo_sk=customer.c_current_cdemo_sk,customer_address.ca_address_sk=customer.c_current_addr_sk,customer.c_customer_sk=catalog_returns.cr_returning_customer_sk,customer.c_current_hdemo_sk=household_demographics.hd_demo_sk,catalog_returns.cr_returned_date_sk=date_dim.d_date_sk#customer_demographics.cd_marital_status,,=,,'M'::bpchar,,customer_demographics.cd_education_status,,=,,'Unknown'::bpchar,,customer_demographics.cd_marital_status,,=,,'W'::bpchar,,customer_demographics.cd_education_status,,=,,'Advanced Degree'::bpchar,,customer_address.ca_gmt_offset,,=,,'-7'::numeric,,household_demographics.hd_buy_potential,,~~,,'0-500%'::text,,date_dim.d_year,,=,,1999,,date_dim.d_moy,,=,,11#4
web_sales web_sales,date_dim date_dim,item item,date_dim date_dim_1,web_sales web_sales_1#web_sales.ws_item_sk=item.i_item_sk,web_sales.ws_sold_date_sk=date_dim.d_date_sk,date_dim_1.d_date_sk=web_sales_1.ws_sold_date_sk#date_dim.d_date,,>=,,'1998-03-18'::date,,date_dim.d_date,,<=,,'1998-06-16 00:00:00'::timestamp without time zone,,item.i_manufact_id,,=,,269,,date_dim_1.d_date,,>=,,'1998-03-18'::date,,date_dim_1.d_date,,<=,,'1998-06-16 00:00:00'::timestamp without time zone#1
store_sales store_sales,store_returns store_returns,reason reason#(store_sales.ss_item_sk=store_returns.sr_item_sk)AND(store_sales.ss_ticket_number=store_returns.sr_ticket_number),store_returns.sr_reason_sk=reason.r_reason_sk#reason.r_reason_desc,,=,,'Did not like the warranty'::bpchar#100
web_sales ws1,date_dim date_dim,web_site web_site,web_returns wr1,web_sales ws2,customer_address customer_address#ws1.ws_ship_addr_sk=customer_address.ca_address_sk,ws1.ws_order_number=ws2.ws_order_number,ws1.ws_order_number=wr1.wr_order_number,ws1.ws_web_site_sk=web_site.web_site_sk,ws1.ws_ship_date_sk=date_dim.d_date_sk#ws1.ws_warehouse_sk,,<>,,ws2.ws_warehouse_sk,,date_dim.d_date,,>=,,'1999-05-01'::date,,date_dim.d_date,,<=,,'1999-06-30 00:00:00'::timestamp without time zone,,web_site.web_company_name,,=,,'pri'::bpchar,,customer_address.ca_state,,=,,'TX'::bpchar#1
web_sales ws1_1,web_sales ws2,web_sales ws1,date_dim date_dim,customer_address customer_address,web_site web_site,web_returns web_returns#ws1_1.ws_order_number=ws2.ws_order_number,ws1.ws_order_number=ws_wh.ws_order_number,ws1.ws_order_number=web_returns.wr_order_number,ws1.ws_web_site_sk=web_site.web_site_sk,ws1.ws_ship_addr_sk=customer_address.ca_address_sk,ws1.ws_ship_date_sk=date_dim.d_date_sk,ws_wh_1.ws_order_number=web_returns.wr_order_number#ws1_1.ws_warehouse_sk,,<>,,ws2.ws_warehouse_sk,,date_dim.d_date,,>=,,'1999-05-01'::date,,date_dim.d_date,,<=,,'1999-06-30 00:00:00'::timestamp without time zone,,customer_address.ca_state,,=,,'TX'::bpchar,,web_site.web_company_name,,=,,'pri'::bpchar#1
store_sales store_sales,time_dim time_dim,household_demographics household_demographics,store store#store_sales.ss_store_sk=store.s_store_sk,store_sales.ss_hdemo_sk=household_demographics.hd_demo_sk,store_sales.ss_sold_time_sk=time_dim.t_time_sk#time_dim.t_minute,,>=,,30,,time_dim.t_hour,,=,,8,,household_demographics.hd_dep_count,,=,,5,,(store.s_store_name)::text,,=,,'ese'::text#1
store_sales store_sales,date_dim date_dim,catalog_sales catalog_sales,date_dim date_dim_1#(store_sales.ss_customer_sk=catalog_sales.cs_bill_customer_sk)AND(store_sales.ss_item_sk=catalog_sales.cs_item_sk),store_sales.ss_sold_date_sk=date_dim.d_date_sk,catalog_sales.cs_sold_date_sk=date_dim_1.d_date_sk#date_dim.d_month_seq,,>=,,1212,,date_dim.d_month_seq,,<=,,1223,,date_dim_1.d_month_seq,,>=,,1212,,date_dim_1.d_month_seq,,<=,,1223#1
item item,store_sales store_sales,date_dim date_dim#item.i_item_sk=store_sales.ss_item_sk,store_sales.ss_sold_date_sk=date_dim.d_date_sk#date_dim.d_date,,>=,,'2001-01-12'::date,,date_dim.d_date,,<=,,'2001-02-11 00:00:00'::timestamp without time zone#2486
catalog_sales catalog_sales,date_dim date_dim,warehouse warehouse,ship_mode ship_mode,call_center call_center#catalog_sales.cs_call_center_sk=call_center.cc_call_center_sk,catalog_sales.cs_ship_mode_sk=ship_mode.sm_ship_mode_sk,catalog_sales.cs_warehouse_sk=warehouse.w_warehouse_sk,catalog_sales.cs_ship_date_sk=date_dim.d_date_sk#date_dim.d_month_seq,,>=,,1212,,date_dim.d_month_seq,,<=,,1223#90
